{
  "config": {
    "data_path": "data/fake_data/mgus2_june_paper_placeholder_cleaned.csv",
    "id_col": "participant_id",
    "ace_col": "baseline_biomarker_1",
    "time_npe": "time_to_primary_event_months",
    "event_npe": "primary_event_indicator",
    "time_hosp": "time_to_competing_event_or_censor_months",
    "event_hosp": "competing_event_indicator",
    "horizons": [
      12.0,
      24.0,
      36.0,
      60.0
    ],
    "n_splits": 5,
    "n_repeats": 10,
    "random_state": 42,
    "coxnet_l1_ratio": 0.01,
    "coxnet_alphas": [
      1e-05,
      1.4563484775012446e-05,
      2.1209508879201906e-05,
      3.088843596477482e-05,
      4.498432668969444e-05,
      6.55128556859551e-05,
      9.540954763499944e-05,
      0.00013894954943731373,
      0.0002023589647725156,
      0.00029470517025518097,
      0.0004291934260128779,
      0.000625055192527397,
      0.0009102981779915217,
      0.0013257113655901081,
      0.0019306977288832496,
      0.002811768697974228,
      0.004094915062380424,
      0.005963623316594643,
      0.008685113737513522,
      0.012648552168552957,
      0.018420699693267147,
      0.02682695795279725,
      0.03906939937054613,
      0.05689866029018294,
      0.08286427728546843,
      0.12067926406393288,
      0.17575106248547895,
      0.2559547922699533,
      0.37275937203149384,
      0.5428675439323859,
      0.7906043210907686,
      1.1513953993264459,
      1.6768329368110066,
      2.44205309454865,
      3.5564803062231287,
      5.179474679231202,
      7.543120063354607,
      10.985411419875573,
      15.998587196060573,
      23.299518105153673,
      33.93221771895323,
      49.417133613238285,
      71.96856730011514,
      104.81131341546853,
      152.64179671752302,
      222.2996482526191,
      323.745754281764,
      471.486636345739,
      686.6488450042998,
      1000.0
    ],
    "rsf_n_estimators": 500,
    "rsf_min_samples_leaf": 15,
    "gbs_n_estimators": 500,
    "n_bootstrap": 2000,
    "bootstrap_seed": 123,
    "n_calib_bins": 5
  },
  "n_primary_cohort": 1371,
  "results": {
    "npe": {
      "endpoint": "neuropsychiatric_event",
      "n": 1371,
      "horizons": [
        12.0,
        24.0,
        36.0,
        60.0
      ],
      "primary_cindex_mean": 0.6468938244817641,
      "secondary_cindex_mean": 0.6468938244817641,
      "delta_cindex_mean": 0.0,
      "delta_cindex_ci": [
        0.0,
        0.0
      ],
      "primary_auc_mean_by_horizon": [
        0.7517995918210387,
        0.639670155699147,
        0.6781580114519398,
        0.6681887317280403
      ],
      "secondary_auc_mean_by_horizon": [
        0.7517995918210387,
        0.639670155699147,
        0.6781580114519398,
        0.6681887317280403
      ],
      "delta_auc_mean_by_horizon": [
        0.0,
        0.0,
        0.0,
        0.0
      ],
      "delta_auc_ci_by_horizon": [
        [
          12.0,
          [
            NaN,
            NaN
          ]
        ],
        [
          24.0,
          [
            0.0,
            0.0
          ]
        ],
        [
          36.0,
          [
            0.0,
            0.0
          ]
        ],
        [
          60.0,
          [
            0.0,
            0.0
          ]
        ]
      ]
    },
    "hosp": {
      "endpoint": "hospitalisation",
      "n": 1371,
      "horizons": [
        12.0,
        24.0,
        36.0,
        60.0
      ],
      "primary_cindex_mean": 0.6920457394801018,
      "secondary_cindex_mean": 0.6920457394801018,
      "delta_cindex_mean": 0.0,
      "delta_cindex_ci": [
        0.0,
        0.0
      ],
      "primary_auc_mean_by_horizon": [
        0.6970311067120916,
        0.6992407447525699,
        0.7017165339397035,
        0.7299803903878588
      ],
      "secondary_auc_mean_by_horizon": [
        0.6970311067120916,
        0.6992407447525699,
        0.7017165339397035,
        0.7299803903878588
      ],
      "delta_auc_mean_by_horizon": [
        0.0,
        0.0,
        0.0,
        0.0
      ],
      "delta_auc_ci_by_horizon": [
        [
          12.0,
          [
            0.0,
            0.0
          ]
        ],
        [
          24.0,
          [
            0.0,
            0.0
          ]
        ],
        [
          36.0,
          [
            0.0,
            0.0
          ]
        ],
        [
          60.0,
          [
            0.0,
            0.0
          ]
        ]
      ]
    }
  }
}